,0,1,2,3,4,5,6,7,8,9,10,11,12,13,14,15,16,17,18,19,20,21,22,23,24,25,26,27,28,29,30,31,32,33,34,35,36,37,38,39,40,41,42,43,44,45,46,47,48,49,50,51,52,53,54,55,56,57,58,59,60,61,62,63,64
0,F:\spring-2019\Multimedia Systems\proj2\paris_1\paris\eiffel\paris_eiffel_000000.jpg,1,1,1,1,1,1,0,0,1,1,1,1,1,1,1,0,1,1,1,1,1,1,1,0,1,1,1,1,1,1,1,0,1,1,0,1,1,0,1,0,1,1,0,1,0,0,1,0,1,1,0,0,0,0,0,0,0,0,0,0,0,0,0,0
1,F:\spring-2019\Multimedia Systems\proj2\paris_1\paris\eiffel\paris_eiffel_000002.jpg,0,0,0,0,0,1,0,1,0,0,0,0,1,1,1,1,0,0,0,1,1,1,1,1,0,0,0,1,1,1,1,1,0,0,0,1,1,1,1,1,0,0,1,1,1,1,1,0,0,0,1,1,1,1,0,0,0,0,1,1,1,1,0,0
2,F:\spring-2019\Multimedia Systems\proj2\paris_1\paris\eiffel\paris_eiffel_000004.jpg,1,1,0,0,0,1,1,1,1,1,0,0,0,1,1,1,0,0,0,0,0,0,1,1,0,0,0,0,0,0,1,1,0,0,0,1,0,0,1,1,0,0,1,1,1,0,0,1,0,0,0,0,1,0,0,0,0,0,0,0,0,0,0,0
3,F:\spring-2019\Multimedia Systems\proj2\paris_1\paris\eiffel\paris_eiffel_000005.jpg,0,1,1,1,1,1,1,1,1,1,1,1,1,1,1,1,1,1,1,1,1,1,1,1,1,1,1,1,0,1,1,1,1,1,1,0,0,1,1,1,0,0,0,0,0,0,1,0,0,0,0,0,0,0,0,0,0,0,0,0,0,0,0,0
4,F:\spring-2019\Multimedia Systems\proj2\paris_1\paris\eiffel\paris_eiffel_000008.jpg,0,0,1,1,0,1,0,0,0,0,1,0,0,0,0,0,0,0,0,0,0,0,0,0,0,0,0,0,0,0,0,0,0,0,1,1,0,0,0,0,1,1,1,1,1,1,1,1,1,1,1,1,1,1,1,1,1,1,1,1,1,1,1,1
5,F:\spring-2019\Multimedia Systems\proj2\paris_1\paris\eiffel\paris_eiffel_000010.jpg,1,0,0,0,0,0,0,0,1,1,1,1,1,0,0,0,1,1,1,1,1,1,1,1,1,1,1,1,1,1,1,1,1,1,1,1,1,1,1,1,1,1,1,0,0,0,0,0,0,0,0,0,0,0,0,0,0,0,0,0,0,0,0,0
6,F:\spring-2019\Multimedia Systems\proj2\paris_1\paris\eiffel\paris_eiffel_000011.jpg,0,1,1,0,0,0,0,0,1,1,1,1,1,0,0,0,1,1,1,1,1,1,0,0,1,1,1,1,1,1,1,0,1,1,1,1,1,1,1,1,0,1,1,0,0,0,1,1,0,0,0,0,0,0,0,0,0,0,0,0,0,0,0,0
7,F:\spring-2019\Multimedia Systems\proj2\paris_1\paris\eiffel\paris_eiffel_000012.jpg,0,0,0,1,1,0,0,0,0,0,0,1,1,1,0,0,0,0,1,1,1,1,1,1,0,0,1,1,1,1,1,1,1,1,1,0,1,1,1,1,1,1,0,0,1,1,1,1,1,0,0,0,0,0,1,1,0,0,0,0,1,0,0,1
8,F:\spring-2019\Multimedia Systems\proj2\paris_1\paris\eiffel\paris_eiffel_000014.jpg,0,0,1,1,1,1,1,1,0,0,1,1,1,1,1,1,0,0,0,1,1,1,1,1,0,0,1,0,1,1,1,1,0,0,1,0,0,0,0,1,0,0,0,0,0,0,0,1,0,0,0,0,0,0,0,0,0,1,0,0,0,0,0,0
9,F:\spring-2019\Multimedia Systems\proj2\paris_1\paris\eiffel\paris_eiffel_000019.jpg,0,0,0,1,1,1,1,1,0,0,0,1,1,1,1,1,1,1,1,1,0,1,1,1,1,1,1,1,0,0,1,1,0,0,0,0,0,1,1,0,0,0,0,0,0,0,0,0,0,0,0,0,0,0,0,0,0,0,0,0,0,0,0,0
10,F:\spring-2019\Multimedia Systems\proj2\paris_1\paris\eiffel\paris_eiffel_000021.jpg,0,0,0,0,0,0,0,0,0,0,0,0,0,0,0,0,0,0,0,1,0,0,0,0,0,0,0,1,1,0,0,1,0,0,1,1,1,0,1,1,1,1,1,0,1,1,1,1,1,1,1,1,1,1,1,1,1,1,1,1,1,1,1,0
11,F:\spring-2019\Multimedia Systems\proj2\paris_1\paris\eiffel\paris_eiffel_000022.jpg,1,0,0,0,1,1,1,1,1,0,0,1,1,1,1,1,1,0,0,1,1,1,0,1,1,0,1,1,1,1,1,1,0,0,1,1,1,1,1,1,0,0,1,0,0,0,0,1,0,0,0,0,0,0,0,0,0,0,0,0,0,0,0,0
12,F:\spring-2019\Multimedia Systems\proj2\paris_1\paris\eiffel\paris_eiffel_000027.jpg,1,0,0,0,0,0,0,1,1,0,0,0,0,0,0,1,1,0,0,0,0,0,0,1,1,0,0,1,1,0,0,1,1,0,0,0,0,0,0,1,1,1,1,1,1,1,0,1,1,0,0,0,0,0,0,1,1,1,1,1,1,1,1,1
13,F:\spring-2019\Multimedia Systems\proj2\paris_1\paris\eiffel\paris_eiffel_000028.jpg,1,1,1,1,1,1,1,1,1,1,1,1,1,1,1,1,1,1,1,1,1,1,1,1,1,1,1,1,0,1,1,1,0,0,0,0,0,0,0,0,0,0,0,0,0,0,0,0,0,0,0,0,0,0,0,0,0,0,0,1,0,0,0,0
14,F:\spring-2019\Multimedia Systems\proj2\paris_1\paris\eiffel\paris_eiffel_000030.jpg,1,1,1,1,1,1,1,1,1,1,1,1,1,1,1,1,1,1,1,1,1,1,1,1,1,1,1,1,1,1,1,1,1,0,1,1,0,1,1,1,0,0,0,0,0,0,0,0,0,0,0,0,0,0,0,0,1,0,0,0,0,0,0,0
15,F:\spring-2019\Multimedia Systems\proj2\paris_1\paris\eiffel\paris_eiffel_000031.jpg,1,1,1,1,1,1,1,1,1,1,0,1,1,1,1,1,1,0,0,0,1,1,1,1,1,0,0,0,1,1,1,1,0,0,0,0,0,1,0,1,0,0,0,0,0,0,0,0,1,0,0,0,0,0,0,1,1,1,1,1,1,1,1,1
16,F:\spring-2019\Multimedia Systems\proj2\paris_1\paris\eiffel\paris_eiffel_000033.jpg,1,1,1,1,1,1,1,1,1,1,1,1,1,1,1,1,1,1,1,1,1,1,1,1,1,1,1,1,1,0,0,0,0,0,0,1,0,0,0,0,0,0,0,0,0,0,0,0,0,0,0,0,0,0,0,0,0,0,0,0,0,0,0,0
17,F:\spring-2019\Multimedia Systems\proj2\paris_1\paris\eiffel\paris_eiffel_000034.jpg,0,0,0,1,1,1,1,1,0,0,0,1,1,1,1,1,1,0,1,1,1,1,1,1,0,0,1,1,1,1,0,1,0,0,0,0,0,0,0,0,0,0,0,0,0,0,0,0,0,0,0,1,1,0,0,1,0,0,0,1,1,0,0,1
18,F:\spring-2019\Multimedia Systems\proj2\paris_1\paris\eiffel\paris_eiffel_000037.jpg,0,0,0,0,0,0,0,0,0,0,0,1,0,0,0,0,0,0,0,1,1,0,0,0,0,0,0,1,1,0,0,0,0,0,1,1,1,0,0,0,0,0,1,1,1,0,0,0,0,0,1,1,1,1,0,0,0,0,0,0,0,0,0,0
19,F:\spring-2019\Multimedia Systems\proj2\paris_1\paris\eiffel\paris_eiffel_000040.jpg,0,0,0,0,1,0,0,0,0,0,0,1,1,0,1,1,0,0,0,1,1,1,1,1,0,0,0,1,1,1,1,1,0,0,0,1,1,1,1,1,0,0,1,1,1,1,0,0,0,1,1,1,1,1,0,0,0,0,0,0,0,0,0,0
20,F:\spring-2019\Multimedia Systems\proj2\paris_1\paris\eiffel\paris_eiffel_000041.jpg,0,0,0,0,0,0,0,0,0,0,0,1,1,0,0,0,0,0,0,1,1,0,0,0,0,0,0,1,1,0,0,0,0,0,0,1,1,0,0,0,0,0,0,1,1,0,1,0,0,0,0,1,1,1,0,0,0,0,0,0,0,0,0,0
21,F:\spring-2019\Multimedia Systems\proj2\paris_1\paris\eiffel\paris_eiffel_000045.jpg,1,1,1,1,1,1,1,1,1,1,1,1,1,1,1,1,1,1,1,0,1,1,1,1,1,1,1,0,0,1,1,1,1,1,0,0,0,0,1,1,0,0,0,0,0,0,0,0,0,0,0,0,0,0,0,0,0,0,0,0,0,0,0,0
22,F:\spring-2019\Multimedia Systems\proj2\paris_1\paris\eiffel\paris_eiffel_000046.jpg,0,1,1,1,1,1,1,1,1,1,1,1,1,1,1,1,1,1,1,1,1,1,1,1,1,1,1,1,1,1,0,1,1,1,1,1,1,1,1,1,0,0,0,0,0,0,0,0,0,0,0,0,0,0,0,0,0,0,0,0,0,0,0,0
23,F:\spring-2019\Multimedia Systems\proj2\paris_1\paris\eiffel\paris_eiffel_000047.jpg,0,1,1,0,1,1,1,1,0,1,1,1,1,1,1,1,0,0,1,0,1,1,1,1,0,0,0,0,0,1,1,1,1,0,0,0,0,1,1,1,0,0,0,0,0,0,0,1,0,0,0,0,0,0,0,0,0,0,0,0,0,0,0,0
24,F:\spring-2019\Multimedia Systems\proj2\paris_1\paris\eiffel\paris_eiffel_000049.jpg,0,0,0,1,1,0,0,0,0,0,0,1,1,0,0,0,0,0,0,1,1,0,0,0,0,0,0,1,1,0,0,0,0,0,1,1,1,1,0,0,0,0,1,1,1,1,0,0,0,0,1,1,1,1,0,0,0,0,1,1,1,1,0,0
25,F:\spring-2019\Multimedia Systems\proj2\paris_1\paris\eiffel\paris_eiffel_000050.jpg,1,1,1,1,1,1,1,1,1,1,1,1,1,1,1,1,1,1,1,1,1,1,1,1,0,0,0,0,1,0,0,0,0,0,0,0,0,0,0,0,0,0,0,1,1,0,0,0,0,0,0,0,0,0,0,0,0,0,0,0,0,0,0,0
26,F:\spring-2019\Multimedia Systems\proj2\paris_1\paris\eiffel\paris_eiffel_000051.jpg,0,0,1,1,1,1,1,1,0,1,1,1,1,1,1,1,0,1,1,1,1,1,1,1,0,1,1,1,1,1,1,1,0,1,1,1,1,1,1,1,0,1,1,0,1,1,1,1,0,0,0,0,0,0,0,0,0,0,0,0,0,0,0,0
27,F:\spring-2019\Multimedia Systems\proj2\paris_1\paris\eiffel\paris_eiffel_000058.jpg,1,1,1,1,1,1,1,1,1,1,1,0,0,1,1,1,1,1,1,0,0,0,1,1,1,1,0,0,0,0,1,1,1,0,0,0,0,0,0,0,0,0,0,0,0,0,0,0,0,0,0,0,0,0,0,0,0,0,0,0,0,0,0,0
28,F:\spring-2019\Multimedia Systems\proj2\paris_1\paris\eiffel\paris_eiffel_000059.jpg,0,0,1,1,1,1,1,1,0,0,0,1,1,0,0,0,1,1,1,1,1,1,1,0,1,1,1,1,1,1,1,0,1,1,1,0,0,0,0,0,0,0,0,1,0,0,0,0,0,0,0,0,0,0,0,0,0,0,0,0,0,0,0,0
29,F:\spring-2019\Multimedia Systems\proj2\paris_1\paris\eiffel\paris_eiffel_000072.jpg,0,1,1,1,0,0,0,0,0,1,1,1,0,0,0,0,0,1,1,1,0,0,0,0,0,0,1,1,1,0,0,0,0,1,1,1,0,1,0,0,0,0,1,0,1,1,1,0,0,0,0,0,1,1,0,0,0,0,0,0,1,1,0,0
30,F:\spring-2019\Multimedia Systems\proj2\paris_1\paris\eiffel\paris_eiffel_000073.jpg,0,0,1,1,0,0,0,0,0,1,1,1,0,0,0,0,0,1,1,1,0,0,0,0,1,1,1,1,1,0,0,0,1,1,0,1,1,0,0,0,1,0,0,1,1,0,0,0,0,0,1,1,0,0,0,0,0,0,0,1,0,0,0,0
31,F:\spring-2019\Multimedia Systems\proj2\paris_1\paris\eiffel\paris_eiffel_000074.jpg,0,1,1,1,0,0,0,0,0,1,1,1,0,0,0,0,1,1,1,1,1,0,0,0,0,1,1,0,1,0,0,0,1,1,1,1,0,0,0,0,0,1,1,1,0,0,0,0,1,1,1,1,0,0,0,0,0,0,1,1,0,0,0,0
32,F:\spring-2019\Multimedia Systems\proj2\paris_1\paris\eiffel\paris_eiffel_000078.jpg,0,0,0,0,0,0,0,0,0,0,0,1,0,0,0,0,0,0,0,1,0,0,0,0,0,0,0,1,0,0,0,0,0,0,1,1,1,0,0,0,0,0,1,1,1,0,1,1,0,1,1,1,1,1,1,1,0,0,0,0,0,0,0,0
33,F:\spring-2019\Multimedia Systems\proj2\paris_1\paris\eiffel\paris_eiffel_000083.jpg,0,0,0,0,1,0,0,0,0,0,0,1,1,0,0,0,0,0,0,1,1,0,0,0,0,0,0,1,1,0,0,0,0,0,0,1,1,0,0,0,0,0,0,1,1,1,0,0,0,0,1,1,1,1,0,0,0,0,0,0,0,1,0,0
34,F:\spring-2019\Multimedia Systems\proj2\paris_1\paris\eiffel\paris_eiffel_000084.jpg,0,0,0,0,0,0,0,0,0,0,0,1,0,0,0,0,0,0,0,1,0,0,0,0,0,0,0,1,1,0,0,0,0,0,1,1,1,1,1,0,0,1,1,1,1,1,1,1,0,1,0,1,1,0,1,1,0,0,0,1,1,0,1,0
35,F:\spring-2019\Multimedia Systems\proj2\paris_1\paris\eiffel\paris_eiffel_000086.jpg,1,1,1,1,1,1,1,1,1,1,1,1,1,1,1,1,1,1,1,1,0,1,1,1,1,1,1,0,0,1,1,1,1,1,1,0,0,1,1,1,1,1,0,0,0,0,1,1,0,0,0,0,0,0,0,0,0,0,0,0,0,0,0,0
36,F:\spring-2019\Multimedia Systems\proj2\paris_1\paris\eiffel\paris_eiffel_000090.jpg,0,0,0,0,0,0,0,0,0,0,1,1,1,1,0,0,0,1,1,0,0,1,1,0,0,1,1,0,0,1,1,0,0,1,1,0,0,1,1,0,0,1,1,0,0,1,1,0,0,0,1,1,1,1,0,0,0,0,0,0,0,0,0,0
37,F:\spring-2019\Multimedia Systems\proj2\paris_1\paris\eiffel\paris_eiffel_000091.jpg,0,0,0,0,0,0,0,0,0,0,0,0,0,0,0,0,1,1,1,0,0,1,1,1,1,1,1,1,0,1,1,1,1,1,1,0,0,1,1,1,1,1,1,0,0,1,1,1,1,1,0,0,0,0,1,1,0,0,0,1,1,0,0,0
38,F:\spring-2019\Multimedia Systems\proj2\paris_1\paris\eiffel\paris_eiffel_000093.jpg,0,0,0,0,0,0,0,0,0,1,0,0,0,0,0,0,0,1,1,1,0,0,0,0,0,0,1,1,1,1,0,0,0,0,0,1,1,1,1,1,0,0,0,0,1,1,1,1,0,0,0,0,1,1,1,1,0,0,0,0,0,1,1,0
39,F:\spring-2019\Multimedia Systems\proj2\paris_1\paris\eiffel\paris_eiffel_000094.jpg,0,0,1,1,0,0,0,0,0,0,1,1,1,0,0,0,1,0,1,1,1,0,1,1,1,1,1,0,0,1,1,1,1,1,1,0,0,1,1,1,1,0,0,0,0,0,0,0,1,1,0,0,0,0,0,0,1,0,0,0,0,0,0,0
40,F:\spring-2019\Multimedia Systems\proj2\paris_1\paris\eiffel\paris_eiffel_000098.jpg,1,1,1,1,1,1,1,1,1,1,1,1,1,1,1,1,1,1,1,1,1,1,1,1,1,1,1,1,1,1,1,1,1,1,1,0,0,1,1,1,1,1,1,0,0,1,1,1,0,0,0,0,0,0,0,0,0,0,0,0,0,0,0,0
41,F:\spring-2019\Multimedia Systems\proj2\paris_1\paris\eiffel\paris_eiffel_000104.jpg,0,0,0,0,0,0,0,0,0,0,0,1,1,0,0,0,0,0,0,1,1,0,0,0,0,0,0,1,1,0,0,0,0,0,0,1,1,0,0,0,0,0,0,1,1,0,0,0,0,0,0,1,1,0,0,0,1,1,0,1,1,1,1,1
42,F:\spring-2019\Multimedia Systems\proj2\paris_1\paris\eiffel\paris_eiffel_000105.jpg,0,0,1,0,0,1,0,0,0,1,1,1,1,1,1,0,0,1,1,1,1,1,1,0,0,0,1,0,0,1,0,0,0,0,1,0,0,1,0,0,0,1,1,1,1,1,1,0,0,1,1,1,1,1,1,0,0,0,1,0,0,1,0,0
43,F:\spring-2019\Multimedia Systems\proj2\paris_1\paris\eiffel\paris_eiffel_000107.jpg,1,1,1,1,0,0,0,0,1,1,1,0,0,0,0,0,1,1,0,0,0,0,0,0,1,0,0,0,0,0,0,0,1,0,0,0,0,0,0,0,1,1,0,1,0,0,0,0,1,1,1,1,1,0,0,0,1,1,1,1,1,0,0,0
44,F:\spring-2019\Multimedia Systems\proj2\paris_1\paris\eiffel\paris_eiffel_000109.jpg,1,1,1,1,1,1,1,1,1,1,1,1,1,1,1,1,1,1,1,1,1,1,0,0,1,1,1,0,0,0,1,0,0,0,0,0,0,0,0,0,0,0,0,0,0,0,0,0,0,0,0,0,0,0,0,0,0,0,0,0,0,0,0,0
45,F:\spring-2019\Multimedia Systems\proj2\paris_1\paris\eiffel\paris_eiffel_000110.jpg,0,0,0,0,0,0,0,0,0,0,0,1,1,0,0,0,1,1,1,1,1,1,1,0,1,1,1,0,1,1,1,1,1,1,1,0,0,1,1,1,1,1,0,0,0,1,1,1,1,1,0,0,0,0,1,1,0,0,0,0,0,0,0,0
46,F:\spring-2019\Multimedia Systems\proj2\paris_1\paris\eiffel\paris_eiffel_000114.jpg,0,0,0,1,1,0,0,0,0,0,0,1,0,0,0,0,0,0,1,0,0,1,0,0,0,1,1,0,0,1,1,0,0,1,1,1,0,1,1,0,0,0,1,1,1,1,0,0,0,1,0,1,1,0,0,0,0,1,0,0,0,0,0,0
47,F:\spring-2019\Multimedia Systems\proj2\paris_1\paris\eiffel\paris_eiffel_000115.jpg,0,0,0,1,1,1,1,1,0,0,0,0,1,1,1,1,0,0,0,0,1,1,1,1,0,0,0,1,0,1,1,1,0,1,1,1,0,0,0,0,0,0,0,0,0,0,0,0,0,0,0,0,0,0,0,0,0,0,0,1,1,1,1,1
48,F:\spring-2019\Multimedia Systems\proj2\paris_1\paris\eiffel\paris_eiffel_000116.jpg,0,0,0,1,1,1,1,1,0,0,0,1,1,1,1,1,0,0,0,0,0,0,1,1,0,0,0,0,0,0,1,1,0,0,0,0,0,0,1,1,0,0,1,0,0,0,1,1,0,0,1,0,0,0,1,1,0,0,0,0,0,0,0,1
49,F:\spring-2019\Multimedia Systems\proj2\paris_1\paris\eiffel\paris_eiffel_000128.jpg,1,1,1,1,1,1,1,1,1,1,0,1,1,1,1,1,1,1,0,1,1,1,1,1,1,1,0,1,1,1,1,1,1,1,0,0,1,1,1,1,1,1,0,0,1,1,1,1,0,0,0,0,0,0,0,0,0,0,0,0,0,0,0,0
50,F:\spring-2019\Multimedia Systems\proj2\paris_1\paris\eiffel\paris_eiffel_000135.jpg,1,1,1,1,1,1,1,1,1,1,1,1,1,1,1,1,1,1,1,1,1,1,1,1,1,1,1,1,1,1,1,1,1,1,1,0,1,1,0,0,1,1,1,0,0,0,0,0,1,1,1,0,0,0,0,0,0,0,0,0,0,0,0,0
51,F:\spring-2019\Multimedia Systems\proj2\paris_1\paris\eiffel\paris_eiffel_000136.jpg,1,1,1,1,1,1,1,0,1,1,1,1,1,1,1,1,1,1,1,1,1,1,1,1,1,1,1,1,1,1,1,1,1,1,1,0,0,1,1,1,1,1,1,0,0,1,1,1,1,0,1,0,0,0,0,0,0,0,0,0,0,0,0,0
52,F:\spring-2019\Multimedia Systems\proj2\paris_1\paris\eiffel\paris_eiffel_000146.jpg,1,1,1,1,1,1,1,1,1,1,1,1,1,1,1,1,1,1,1,1,1,1,1,1,1,1,1,1,1,1,1,1,0,1,1,0,0,1,1,1,0,0,0,0,0,0,1,0,0,0,0,0,0,0,0,0,0,0,0,0,0,0,0,0
53,F:\spring-2019\Multimedia Systems\proj2\paris_1\paris\eiffel\paris_eiffel_000147.jpg,1,1,1,1,1,1,1,0,1,1,1,1,1,1,1,1,1,1,1,1,1,1,1,1,1,1,0,0,1,1,1,1,1,1,0,0,1,0,0,0,1,1,0,0,0,0,0,0,0,0,0,0,0,0,0,0,0,0,0,0,0,0,0,0
54,F:\spring-2019\Multimedia Systems\proj2\paris_1\paris\eiffel\paris_eiffel_000151.jpg,1,1,1,1,1,1,1,1,1,1,1,1,1,1,1,1,1,1,1,0,1,1,1,1,1,1,0,0,1,1,1,1,1,1,0,0,0,1,1,1,0,0,0,0,0,0,0,0,0,0,0,0,0,0,0,0,0,0,0,0,0,0,0,0
55,F:\spring-2019\Multimedia Systems\proj2\paris_1\paris\eiffel\paris_eiffel_000152.jpg,1,1,1,1,1,0,0,1,1,1,1,1,1,0,0,0,1,1,1,1,1,0,0,0,1,1,1,1,1,0,0,1,1,1,1,1,1,0,0,0,1,1,1,1,1,1,0,0,0,0,0,0,0,0,0,0,0,0,0,0,0,0,0,0
56,F:\spring-2019\Multimedia Systems\proj2\paris_1\paris\eiffel\paris_eiffel_000153.jpg,1,1,1,1,1,1,1,1,1,1,1,1,1,1,1,1,1,1,1,0,0,1,1,1,1,0,0,0,0,1,1,1,0,0,0,0,0,0,0,1,0,0,0,0,0,0,0,0,0,0,0,0,0,0,0,0,0,0,0,0,0,0,0,0
57,F:\spring-2019\Multimedia Systems\proj2\paris_1\paris\eiffel\paris_eiffel_000156.jpg,1,1,1,1,1,1,1,1,1,1,1,1,0,1,1,1,1,1,1,1,0,1,1,0,1,1,1,0,0,1,0,0,1,1,1,0,0,0,0,0,1,1,0,0,0,0,1,1,1,0,0,0,0,0,0,0,0,0,0,0,0,0,0,0
58,F:\spring-2019\Multimedia Systems\proj2\paris_1\paris\eiffel\paris_eiffel_000160.jpg,0,0,0,0,0,0,0,0,0,0,0,0,0,0,0,0,0,0,0,0,1,0,0,0,1,0,0,1,1,0,0,0,1,0,0,1,1,0,0,1,1,1,1,1,1,0,0,0,0,0,1,1,1,1,1,0,0,1,1,0,1,1,0,0
59,F:\spring-2019\Multimedia Systems\proj2\paris_1\paris\eiffel\paris_eiffel_000161.jpg,1,1,0,0,0,0,0,0,1,1,0,0,1,0,0,0,1,1,0,0,1,0,0,0,1,0,0,1,1,0,0,0,0,0,0,1,1,0,0,0,0,0,1,1,1,1,0,0,1,1,1,1,1,1,1,1,0,0,0,0,0,0,0,1
60,F:\spring-2019\Multimedia Systems\proj2\paris_1\paris\eiffel\paris_eiffel_000165.jpg,1,1,1,1,1,1,1,1,1,1,1,0,1,1,1,1,1,1,1,0,1,1,1,1,0,0,0,0,0,0,0,0,0,0,0,0,0,0,0,0,1,1,1,0,0,0,0,0,0,1,0,0,0,0,1,0,1,1,0,0,0,0,0,0
61,F:\spring-2019\Multimedia Systems\proj2\paris_1\paris\eiffel\paris_eiffel_000166.jpg,1,1,1,0,1,1,1,1,0,1,1,1,1,1,1,1,0,1,1,0,0,1,1,1,0,0,0,0,0,1,1,1,0,0,0,1,0,0,1,1,0,0,0,0,0,0,0,0,0,0,0,0,0,0,0,0,0,0,0,0,0,0,0,0
62,F:\spring-2019\Multimedia Systems\proj2\paris_1\paris\eiffel\paris_eiffel_000167.jpg,0,0,0,0,0,0,0,0,0,1,1,0,0,0,1,1,0,0,1,1,0,0,0,1,0,0,1,1,0,0,0,0,0,0,0,1,1,1,0,0,0,0,0,1,1,1,1,1,0,0,0,1,1,1,1,1,0,0,0,1,1,0,0,0
63,F:\spring-2019\Multimedia Systems\proj2\paris_1\paris\eiffel\paris_eiffel_000168.jpg,0,1,1,1,0,1,1,1,0,1,1,1,0,1,1,1,0,0,1,1,1,1,1,1,0,0,0,1,0,0,1,1,0,0,0,0,1,0,0,1,0,0,0,0,1,1,1,0,0,0,0,0,0,0,0,0,0,0,0,0,0,0,0,0
64,F:\spring-2019\Multimedia Systems\proj2\paris_1\paris\eiffel\paris_eiffel_000169.jpg,1,1,1,0,0,0,0,0,1,1,1,0,0,0,0,0,1,1,0,0,0,0,0,0,1,1,0,0,0,0,0,0,1,0,0,0,0,0,0,0,1,1,1,1,1,1,1,0,1,1,1,1,1,1,1,0,1,1,1,1,1,1,1,1
65,F:\spring-2019\Multimedia Systems\proj2\paris_1\paris\eiffel\paris_eiffel_000170.jpg,0,0,0,1,1,1,1,1,0,0,0,0,1,1,1,1,1,0,0,1,1,1,1,1,0,0,1,1,1,1,1,1,0,0,1,1,1,1,1,1,0,0,0,0,1,1,1,1,0,0,0,0,0,0,0,0,0,0,0,0,0,0,0,0
66,F:\spring-2019\Multimedia Systems\proj2\paris_1\paris\eiffel\paris_eiffel_000172.jpg,0,0,0,0,0,0,0,0,0,0,0,0,0,0,1,0,0,0,0,0,0,1,1,0,0,0,0,0,0,1,1,0,1,1,1,1,1,0,0,0,1,1,1,1,1,0,0,0,0,1,1,1,1,0,0,0,1,1,1,1,1,1,1,1
67,F:\spring-2019\Multimedia Systems\proj2\paris_1\paris\eiffel\paris_eiffel_000173.jpg,0,0,0,0,0,0,0,0,0,0,0,0,0,0,0,0,0,0,0,0,0,0,0,0,0,1,1,0,0,0,0,0,0,1,1,1,1,1,0,0,0,1,1,1,0,1,1,0,0,0,1,0,0,1,1,1,0,0,1,0,0,0,1,1
68,F:\spring-2019\Multimedia Systems\proj2\paris_1\paris\eiffel\paris_eiffel_000174.jpg,1,1,1,1,1,1,1,1,1,1,1,1,1,1,1,1,1,1,1,1,1,1,1,1,1,1,1,1,1,1,1,1,1,1,1,1,0,1,1,1,0,0,0,0,0,0,0,0,0,0,0,0,0,0,0,0,0,0,0,0,0,0,0,0
69,F:\spring-2019\Multimedia Systems\proj2\paris_1\paris\eiffel\paris_eiffel_000175.jpg,1,1,1,1,0,0,0,1,1,1,1,0,0,0,0,1,1,1,1,0,1,1,0,1,1,1,1,0,1,1,0,0,0,0,0,0,1,0,0,0,0,0,0,0,0,0,0,0,0,0,0,0,0,0,0,0,1,1,1,0,0,1,1,1
70,F:\spring-2019\Multimedia Systems\proj2\paris_1\paris\eiffel\paris_eiffel_000176.jpg,0,0,0,0,1,1,1,1,0,0,1,1,1,1,1,0,0,0,1,1,1,1,1,1,0,0,1,1,1,1,1,1,0,0,1,1,1,1,1,1,0,0,1,1,1,1,1,1,0,0,0,1,1,1,0,0,0,0,0,0,0,0,0,0
71,F:\spring-2019\Multimedia Systems\proj2\paris_1\paris\eiffel\paris_eiffel_000177.jpg,1,1,1,1,1,1,1,1,1,1,1,1,1,1,1,1,1,1,1,1,1,1,1,1,1,1,1,1,1,1,1,1,1,1,1,1,1,0,0,1,1,1,1,0,1,0,0,1,0,0,0,0,0,0,0,0,0,0,0,0,0,0,0,0
72,F:\spring-2019\Multimedia Systems\proj2\paris_1\paris\eiffel\paris_eiffel_000178.jpg,0,1,1,1,1,1,1,0,0,0,0,0,0,0,0,0,0,0,0,0,0,0,0,0,0,1,1,0,0,0,0,0,0,1,1,1,1,1,0,0,1,1,1,0,1,1,0,0,0,1,1,0,1,1,1,1,0,0,1,0,0,1,1,1
73,F:\spring-2019\Multimedia Systems\proj2\paris_1\paris\eiffel\paris_eiffel_000180.jpg,0,0,0,0,0,0,0,0,0,0,0,1,1,0,0,0,0,0,0,1,1,0,0,0,0,0,1,1,1,1,1,0,0,1,1,1,0,1,1,1,1,1,0,0,1,0,1,1,1,1,0,0,0,0,0,0,0,1,1,0,0,0,0,0
74,F:\spring-2019\Multimedia Systems\proj2\paris_1\paris\eiffel\paris_eiffel_000185.jpg,0,0,0,0,0,0,0,0,1,0,0,0,0,0,0,0,1,1,0,0,0,0,0,0,1,1,0,1,1,0,0,0,1,1,0,1,1,0,0,0,1,1,1,1,1,0,0,0,1,1,1,1,1,1,0,0,1,1,1,1,0,0,0,0
75,F:\spring-2019\Multimedia Systems\proj2\paris_1\paris\eiffel\paris_eiffel_000186.jpg,1,0,0,0,0,0,0,1,1,0,0,0,1,0,0,1,1,0,0,1,1,0,0,1,1,0,0,1,1,1,0,1,1,0,1,0,0,0,1,1,1,0,0,0,0,0,0,1,1,0,0,0,0,0,0,1,1,1,1,1,1,1,0,1
76,F:\spring-2019\Multimedia Systems\proj2\paris_1\paris\eiffel\paris_eiffel_000189.jpg,0,0,0,0,0,0,0,0,0,0,0,0,0,0,0,0,0,0,0,0,1,1,0,0,0,0,0,1,1,1,0,0,0,1,1,1,1,1,1,0,1,1,1,1,1,1,0,0,1,1,1,1,1,1,0,0,0,0,0,0,0,0,0,0
77,F:\spring-2019\Multimedia Systems\proj2\paris_1\paris\eiffel\paris_eiffel_000191.jpg,0,1,1,0,0,0,0,1,1,1,1,0,0,0,0,0,1,1,0,0,0,0,0,0,1,1,0,0,0,0,0,0,1,1,0,0,1,0,1,1,1,1,0,1,1,1,1,1,1,0,0,0,1,1,0,1,0,0,0,0,0,0,0,0
78,F:\spring-2019\Multimedia Systems\proj2\paris_1\paris\eiffel\paris_eiffel_000192.jpg,1,1,1,1,1,1,1,1,1,1,1,1,1,1,1,1,1,1,1,1,1,1,1,0,1,1,1,0,0,1,0,0,1,1,1,0,0,0,0,0,1,1,1,0,0,0,0,0,1,0,0,0,0,0,0,0,1,0,0,0,0,0,0,0
79,F:\spring-2019\Multimedia Systems\proj2\paris_1\paris\eiffel\paris_eiffel_000196.jpg,0,0,0,0,0,0,0,0,0,1,0,0,0,0,1,0,0,1,0,0,0,0,1,1,1,1,0,0,1,0,0,1,1,1,0,0,0,0,0,0,0,0,1,0,1,1,1,1,1,1,1,1,1,1,1,1,1,0,1,1,0,0,1,0
80,F:\spring-2019\Multimedia Systems\proj2\paris_1\paris\eiffel\paris_eiffel_000198.jpg,1,1,1,1,1,1,0,0,1,1,1,1,1,1,1,1,1,1,1,1,1,1,1,1,0,0,1,1,1,1,0,0,0,0,0,0,0,0,0,0,0,0,0,0,0,0,0,0,0,0,0,0,0,0,1,1,0,0,1,1,0,0,1,1
81,F:\spring-2019\Multimedia Systems\proj2\paris_1\paris\eiffel\paris_eiffel_000199.jpg,0,0,1,1,1,1,1,1,0,1,1,1,1,1,1,1,1,1,1,1,1,1,1,1,1,1,1,1,1,1,1,1,1,1,1,1,1,1,1,1,1,1,1,0,0,1,1,1,0,0,0,0,0,0,0,0,0,0,0,0,0,0,0,0
82,F:\spring-2019\Multimedia Systems\proj2\paris_1\paris\eiffel\paris_eiffel_000203.jpg,1,1,1,0,0,0,0,0,1,1,0,1,1,0,0,0,1,1,0,1,0,0,0,0,0,0,1,0,0,1,0,0,1,1,1,0,1,0,0,0,1,1,0,0,0,0,0,1,0,0,1,0,0,0,1,1,0,0,0,0,0,1,1,1
83,F:\spring-2019\Multimedia Systems\proj2\paris_1\paris\eiffel\paris_eiffel_000204.jpg,1,1,1,1,1,1,1,1,1,1,1,1,1,1,1,0,1,1,1,1,1,1,1,0,1,1,1,1,1,1,1,1,0,1,1,1,0,0,0,0,0,0,0,0,0,0,0,0,0,0,0,0,0,0,0,0,0,0,0,0,0,0,0,0
84,F:\spring-2019\Multimedia Systems\proj2\paris_1\paris\eiffel\paris_eiffel_000205.jpg,0,0,0,1,1,1,1,0,0,0,0,1,1,1,1,0,0,0,0,0,0,1,1,0,0,0,0,1,1,1,0,0,0,0,0,1,1,1,0,0,0,0,0,1,1,1,0,0,0,0,0,1,1,1,0,0,0,0,1,1,1,1,0,0
85,F:\spring-2019\Multimedia Systems\proj2\paris_1\paris\eiffel\paris_eiffel_000206.jpg,1,1,1,1,1,1,1,0,1,1,1,1,1,1,0,0,0,1,1,1,0,0,0,0,0,0,0,0,0,0,0,0,1,1,1,1,1,1,1,1,1,1,1,1,1,0,0,0,0,0,1,0,0,0,0,0,0,0,0,0,0,0,0,0
86,F:\spring-2019\Multimedia Systems\proj2\paris_1\paris\eiffel\paris_eiffel_000207.jpg,1,1,1,0,0,1,1,1,1,1,1,0,0,1,0,0,1,1,0,1,1,1,0,0,1,1,0,0,0,0,0,0,1,0,0,0,0,0,0,0,1,0,0,1,1,0,0,0,0,0,1,1,1,0,0,0,0,0,0,0,1,0,0,0
87,F:\spring-2019\Multimedia Systems\proj2\paris_1\paris\eiffel\paris_eiffel_000208.jpg,0,0,0,0,0,0,0,0,0,0,0,0,0,1,1,0,1,0,0,0,0,1,1,1,1,0,1,1,0,0,0,0,0,0,1,1,0,0,0,0,0,0,0,0,0,0,0,0,1,1,1,0,0,0,0,0,1,1,1,0,0,0,0,0
88,F:\spring-2019\Multimedia Systems\proj2\paris_1\paris\eiffel\paris_eiffel_000209.jpg,1,1,1,1,1,1,1,1,0,1,1,1,1,1,1,1,0,1,1,1,1,1,1,1,0,0,0,0,0,0,0,0,0,0,0,0,1,0,0,0,0,0,0,0,0,0,0,0,0,0,0,0,0,1,0,0,0,0,0,0,0,0,0,0
89,F:\spring-2019\Multimedia Systems\proj2\paris_1\paris\eiffel\paris_eiffel_000212.jpg,1,1,1,1,1,1,1,1,1,1,1,1,1,1,1,1,1,1,1,0,1,1,1,1,1,1,1,1,1,1,1,1,1,1,1,0,0,1,1,1,1,1,1,0,0,1,1,1,0,0,0,0,0,0,0,0,0,0,0,0,0,0,0,0
90,F:\spring-2019\Multimedia Systems\proj2\paris_1\paris\eiffel\paris_eiffel_000214.jpg,1,1,1,1,1,1,1,1,1,1,1,1,1,1,1,1,1,1,1,1,1,1,0,1,1,1,1,1,1,0,1,1,1,0,1,1,0,0,1,1,0,0,0,0,0,0,0,0,0,0,0,0,0,0,0,0,0,0,0,0,0,0,0,0
91,F:\spring-2019\Multimedia Systems\proj2\paris_1\paris\eiffel\paris_eiffel_000215.jpg,0,0,0,0,0,0,0,0,0,0,0,0,0,0,0,0,0,0,0,0,0,0,0,0,0,0,0,0,1,0,0,0,0,0,0,0,0,0,0,0,1,1,1,1,1,1,1,1,1,1,1,1,0,1,0,1,1,1,1,1,1,1,1,1
92,F:\spring-2019\Multimedia Systems\proj2\paris_1\paris\eiffel\paris_eiffel_000217.jpg,1,1,1,0,0,0,0,0,1,1,1,0,1,1,1,1,1,1,1,0,1,1,1,1,1,1,1,0,1,1,1,1,1,1,1,0,0,1,1,1,1,1,0,0,0,1,1,1,0,0,0,0,0,0,0,0,0,0,0,0,0,0,0,0
93,F:\spring-2019\Multimedia Systems\proj2\paris_1\paris\eiffel\paris_eiffel_000219.jpg,0,0,0,0,0,0,0,0,0,0,1,1,1,1,1,1,1,1,1,1,1,1,1,1,1,1,1,1,1,1,1,1,1,1,1,1,1,1,1,1,0,0,0,1,1,0,0,1,0,0,0,0,0,0,0,0,0,0,0,0,0,0,0,0
94,F:\spring-2019\Multimedia Systems\proj2\paris_1\paris\eiffel\paris_eiffel_000220.jpg,1,1,1,1,1,1,1,1,1,1,1,1,1,0,1,1,1,1,0,1,1,1,1,1,0,0,0,1,1,1,0,0,1,0,1,1,1,0,1,0,1,0,0,1,0,0,0,0,0,0,0,0,0,0,0,0,0,0,0,0,0,0,0,0
95,F:\spring-2019\Multimedia Systems\proj2\paris_1\paris\eiffel\paris_eiffel_000221.jpg,0,0,0,0,0,0,0,1,0,0,0,0,0,0,0,1,0,1,1,1,1,0,1,1,0,1,1,1,1,0,1,1,0,1,1,1,1,0,0,0,0,0,1,1,0,1,0,0,1,1,1,1,1,1,0,1,0,1,1,0,1,1,1,1
96,F:\spring-2019\Multimedia Systems\proj2\paris_1\paris\eiffel\paris_eiffel_000222.jpg,0,0,0,0,0,0,0,0,0,0,0,0,0,0,0,0,0,0,0,0,0,0,0,0,1,1,0,1,1,1,1,1,1,1,0,1,1,0,1,1,1,1,0,0,0,0,1,1,0,0,1,0,0,0,1,0,0,0,0,0,0,1,1,0
97,F:\spring-2019\Multimedia Systems\proj2\paris_1\paris\eiffel\paris_eiffel_000223.jpg,0,0,0,0,0,0,0,0,0,0,0,1,1,0,0,0,0,0,0,1,1,0,0,0,0,0,0,1,1,0,0,0,0,0,0,1,1,0,0,0,0,0,0,1,1,0,0,0,0,0,1,1,1,1,0,0,0,1,1,1,1,1,1,1
98,F:\spring-2019\Multimedia Systems\proj2\paris_1\paris\eiffel\paris_eiffel_000224.jpg,1,1,1,1,1,1,1,1,1,1,1,1,1,1,1,1,1,1,1,1,1,1,1,1,1,1,1,1,1,1,1,1,0,1,1,1,1,1,1,1,0,0,0,0,0,0,0,0,0,0,0,0,0,0,0,0,0,0,0,0,0,0,0,0
99,F:\spring-2019\Multimedia Systems\proj2\paris_1\paris\eiffel\paris_eiffel_000225.jpg,1,1,1,1,1,1,1,1,1,1,1,1,1,1,1,1,1,1,1,0,0,0,1,1,1,1,1,0,0,0,1,0,0,0,0,0,0,0,0,0,0,0,0,0,0,0,0,0,0,0,1,0,1,1,0,0,1,1,0,0,0,0,0,0
100,F:\spring-2019\Multimedia Systems\proj2\paris_1\paris\eiffel\paris_eiffel_000226.jpg,0,0,0,0,0,0,0,0,0,0,0,0,1,0,0,0,0,0,0,1,1,1,0,0,1,1,1,1,1,1,1,1,0,1,1,1,1,1,1,0,0,0,1,1,1,0,0,0,0,0,1,1,1,0,0,0,0,0,0,1,1,0,0,0
101,F:\spring-2019\Multimedia Systems\proj2\paris_1\paris\eiffel\paris_eiffel_000227.jpg,0,0,0,0,0,0,0,0,0,1,1,1,1,1,1,1,1,1,1,0,1,0,1,1,0,0,0,0,0,0,0,0,0,1,0,0,0,0,0,0,1,1,1,1,1,1,1,1,1,1,0,0,0,1,1,1,1,1,1,1,1,1,1,0
102,F:\spring-2019\Multimedia Systems\proj2\paris_1\paris\eiffel\paris_eiffel_000230.jpg,0,0,0,1,0,1,0,0,1,1,1,1,1,1,1,1,1,1,1,1,1,1,1,1,1,1,1,1,0,0,0,1,1,1,1,0,0,1,1,1,1,1,1,0,0,0,0,0,0,0,0,0,0,0,0,0,0,0,0,0,0,0,0,0
103,F:\spring-2019\Multimedia Systems\proj2\paris_1\paris\eiffel\paris_eiffel_000234.jpg,1,1,1,0,0,0,0,0,1,1,0,0,0,0,0,1,1,1,0,0,1,1,0,0,1,0,0,0,1,1,0,0,1,0,0,0,0,0,0,0,1,1,1,1,0,0,1,1,0,0,0,1,1,1,1,0,0,0,0,0,1,1,0,0
104,F:\spring-2019\Multimedia Systems\proj2\paris_1\paris\eiffel\paris_eiffel_000249.jpg,1,1,1,1,1,1,1,1,1,1,1,1,1,1,1,1,1,1,1,1,1,1,1,1,1,1,1,1,1,1,1,1,1,1,1,1,1,1,1,0,1,1,1,1,1,1,0,0,0,0,0,0,0,0,0,0,0,0,0,0,0,0,0,0
105,F:\spring-2019\Multimedia Systems\proj2\paris_1\paris\eiffel\paris_eiffel_000251.jpg,0,1,1,1,1,0,0,0,1,1,1,1,1,0,0,0,0,1,1,1,1,0,0,0,0,0,1,1,1,1,1,0,0,0,0,1,1,1,1,0,0,0,1,0,0,0,0,0,0,0,1,0,0,0,0,0,0,1,0,0,0,0,0,0
106,F:\spring-2019\Multimedia Systems\proj2\paris_1\paris\eiffel\paris_eiffel_000252.jpg,1,1,1,1,1,1,1,1,1,1,1,1,1,1,1,1,1,1,1,1,1,1,1,1,1,1,1,1,1,1,1,1,0,0,0,0,0,0,0,0,0,0,0,0,0,0,0,0,0,0,0,0,0,0,0,0,0,0,0,0,0,0,0,0
107,F:\spring-2019\Multimedia Systems\proj2\paris_1\paris\eiffel\paris_eiffel_000254.jpg,1,1,1,1,1,1,1,1,1,1,1,1,1,1,1,1,1,1,1,1,1,1,1,1,1,1,0,1,1,1,1,1,1,1,1,0,0,0,0,0,0,0,0,0,0,0,0,0,0,0,0,0,0,0,0,0,0,0,0,0,0,0,0,0
108,F:\spring-2019\Multimedia Systems\proj2\paris_1\paris\eiffel\paris_eiffel_000256.jpg,1,1,1,1,1,1,1,1,1,1,1,1,1,1,1,1,1,1,1,1,1,1,1,1,0,0,0,0,0,0,0,0,0,0,0,0,0,0,0,0,0,0,0,0,0,0,0,0,0,0,0,0,0,0,0,0,0,0,0,0,0,0,0,0
109,F:\spring-2019\Multimedia Systems\proj2\paris_1\paris\eiffel\paris_eiffel_000257.jpg,0,0,0,0,0,0,0,0,0,0,0,1,1,0,0,0,0,0,0,1,1,0,0,0,1,0,0,1,1,0,0,0,1,0,1,1,1,1,1,0,1,1,1,1,1,1,1,0,0,0,0,1,1,0,0,0,0,0,0,0,0,0,0,0
110,F:\spring-2019\Multimedia Systems\proj2\paris_1\paris\eiffel\paris_eiffel_000259.jpg,1,0,0,1,1,1,0,0,0,0,1,1,1,1,1,0,0,1,1,1,1,1,0,0,0,1,1,1,1,1,0,0,0,0,1,1,1,1,1,1,0,1,0,0,0,1,1,1,0,0,0,0,0,0,0,0,0,0,0,0,0,0,0,0
111,F:\spring-2019\Multimedia Systems\proj2\paris_1\paris\eiffel\paris_eiffel_000260.jpg,0,1,1,0,1,1,1,1,0,0,0,0,1,1,1,1,0,0,0,1,1,1,1,1,0,1,1,1,1,1,1,1,1,1,1,1,0,0,1,1,1,1,0,0,0,0,0,0,0,0,0,0,0,0,0,0,0,0,0,0,0,0,0,0
112,F:\spring-2019\Multimedia Systems\proj2\paris_1\paris\eiffel\paris_eiffel_000266.jpg,1,1,1,0,0,0,0,0,1,1,1,1,1,1,1,1,1,1,1,1,1,1,1,1,1,1,1,1,1,1,1,1,1,1,1,0,1,1,1,1,0,0,0,0,0,0,0,0,0,0,0,0,0,0,0,0,0,0,0,0,0,0,0,0
113,F:\spring-2019\Multimedia Systems\proj2\paris_1\paris\eiffel\paris_eiffel_000267.jpg,0,0,0,1,1,1,1,1,0,0,0,1,1,1,1,1,0,0,0,0,0,1,1,1,1,0,0,0,0,0,1,1,0,0,0,0,0,0,0,1,0,0,0,0,0,0,1,1,0,0,0,0,1,1,1,1,0,0,0,0,1,1,1,1
114,F:\spring-2019\Multimedia Systems\proj2\paris_1\paris\eiffel\paris_eiffel_000268.jpg,1,1,1,1,1,1,1,1,1,1,1,1,1,1,1,1,1,1,1,1,0,0,1,1,1,1,0,1,0,0,0,0,0,0,0,0,0,0,0,0,0,0,0,1,0,0,0,0,0,0,0,0,0,0,0,0,0,0,0,0,0,0,0,0
115,F:\spring-2019\Multimedia Systems\proj2\paris_1\paris\eiffel\paris_eiffel_000270.jpg,0,0,0,0,1,0,0,0,0,0,0,1,1,0,0,0,0,0,0,1,1,0,0,0,0,0,0,1,1,0,0,0,0,0,0,1,1,0,0,0,0,0,0,1,1,0,0,0,0,0,1,1,1,1,1,0,0,0,1,0,1,1,1,0
116,F:\spring-2019\Multimedia Systems\proj2\paris_1\paris\eiffel\paris_eiffel_000272.jpg,1,1,1,1,1,1,1,0,0,1,1,1,1,1,0,0,1,1,1,1,1,1,0,0,1,1,1,1,1,1,1,1,1,1,1,0,0,1,1,1,0,1,1,0,0,0,0,1,0,0,0,0,0,0,0,1,0,0,0,0,0,0,0,0
117,F:\spring-2019\Multimedia Systems\proj2\paris_1\paris\eiffel\paris_eiffel_000273.jpg,1,1,1,1,1,0,0,0,1,1,1,1,1,1,1,0,1,1,1,1,1,1,1,0,0,0,1,1,0,1,0,0,1,0,0,1,0,0,0,0,0,0,0,0,0,0,0,0,0,0,0,0,0,0,0,0,0,1,1,0,0,0,0,0
118,F:\spring-2019\Multimedia Systems\proj2\paris_1\paris\eiffel\paris_eiffel_000274.jpg,1,1,0,1,0,0,0,0,1,1,1,1,0,0,0,0,1,1,1,1,0,1,1,1,1,1,1,1,0,1,1,1,1,1,1,1,0,0,1,1,1,1,1,1,0,0,1,1,0,0,0,0,0,0,0,1,0,0,0,0,0,0,0,0
119,F:\spring-2019\Multimedia Systems\proj2\paris_1\paris\eiffel\paris_eiffel_000275.jpg,0,0,0,0,0,0,0,0,0,0,0,1,1,0,0,0,0,0,0,1,1,0,0,0,0,0,0,1,1,0,0,0,0,0,1,1,0,1,0,0,0,1,1,1,0,1,1,0,1,1,0,0,0,0,0,0,1,1,1,1,1,0,0,0
120,F:\spring-2019\Multimedia Systems\proj2\paris_1\paris\eiffel\paris_eiffel_000277.jpg,1,1,1,1,1,1,1,1,1,1,1,1,1,1,1,1,1,1,1,1,1,1,1,1,1,1,1,0,1,1,1,1,1,0,0,0,1,1,1,1,0,0,0,0,0,1,1,1,0,0,0,0,0,0,0,1,0,0,0,0,0,0,0,0
121,F:\spring-2019\Multimedia Systems\proj2\paris_1\paris\eiffel\paris_eiffel_000278.jpg,0,0,1,1,1,0,1,1,0,0,1,0,1,1,1,1,0,0,0,0,0,1,1,1,1,1,0,0,0,1,1,1,1,1,1,1,0,0,0,1,1,1,1,0,0,1,1,1,1,1,1,0,0,1,1,0,1,0,0,0,0,0,0,0
122,F:\spring-2019\Multimedia Systems\proj2\paris_1\paris\eiffel\paris_eiffel_000280.jpg,1,1,1,1,1,1,1,1,1,1,1,1,1,1,1,1,1,1,1,1,1,1,1,1,1,0,0,1,1,0,1,1,0,0,0,0,0,0,0,1,0,0,0,0,0,0,0,0,0,0,0,0,0,0,0,0,0,0,0,0,0,0,0,0
123,F:\spring-2019\Multimedia Systems\proj2\paris_1\paris\eiffel\paris_eiffel_000282.jpg,0,0,0,0,0,0,0,0,0,1,0,0,0,0,0,0,1,1,0,1,1,0,0,0,1,1,0,1,1,0,0,0,0,1,0,1,0,1,1,1,1,1,0,0,1,1,1,1,0,1,1,1,0,1,1,0,0,1,1,1,1,1,1,0
124,F:\spring-2019\Multimedia Systems\proj2\paris_1\paris\eiffel\paris_eiffel_000284.jpg,1,1,1,0,0,0,0,0,1,1,1,0,0,0,0,0,1,1,1,0,0,1,1,1,1,1,1,0,0,1,1,1,1,1,1,0,1,1,1,1,1,1,0,0,0,1,1,1,0,0,0,0,0,0,0,0,0,0,0,0,0,0,0,0
125,F:\spring-2019\Multimedia Systems\proj2\paris_1\paris\eiffel\paris_eiffel_000285.jpg,0,0,0,0,0,0,1,1,0,0,0,0,1,1,1,1,1,1,1,1,1,1,1,1,1,1,1,0,1,1,1,1,1,1,1,0,1,1,1,1,1,1,0,0,0,1,1,1,0,0,0,0,0,0,0,0,0,0,0,0,0,0,0,0
126,F:\spring-2019\Multimedia Systems\proj2\paris_1\paris\eiffel\paris_eiffel_000286.jpg,1,1,1,1,1,1,1,1,1,1,1,0,1,1,1,1,1,1,1,0,1,1,1,1,1,1,1,0,0,1,1,1,1,1,1,0,0,1,1,1,0,1,0,0,0,0,1,1,0,0,0,0,0,0,0,1,0,0,0,0,0,0,0,0
127,F:\spring-2019\Multimedia Systems\proj2\paris_1\paris\eiffel\paris_eiffel_000289.jpg,0,0,0,0,0,0,0,0,0,0,0,1,1,1,0,0,0,0,1,1,1,1,0,0,1,0,1,1,1,1,0,0,0,0,1,1,1,1,0,0,0,0,1,1,1,1,0,0,0,0,0,1,1,1,0,0,0,0,0,0,0,0,0,0
128,F:\spring-2019\Multimedia Systems\proj2\paris_1\paris\eiffel\paris_eiffel_000290.jpg,0,0,0,0,0,0,0,0,0,0,0,0,0,0,0,0,0,0,0,1,1,0,0,0,0,0,0,1,1,0,0,0,0,0,0,1,1,0,0,0,0,0,1,1,1,1,0,0,0,0,1,1,1,1,0,0,1,1,1,1,1,1,1,1
129,F:\spring-2019\Multimedia Systems\proj2\paris_1\paris\eiffel\paris_eiffel_000292.jpg,0,0,0,1,0,0,0,0,0,0,0,1,1,0,0,0,0,0,0,1,1,0,0,0,0,0,0,1,1,1,0,0,0,0,0,1,1,1,1,0,0,0,1,1,0,0,0,1,0,0,1,0,0,1,0,1,0,0,0,0,0,1,1,0
130,F:\spring-2019\Multimedia Systems\proj2\paris_1\paris\eiffel\paris_eiffel_000293.jpg,1,1,1,1,1,0,0,0,1,1,1,1,0,0,0,0,1,1,1,0,0,0,0,0,1,1,0,0,0,0,0,1,0,0,0,0,0,0,0,1,0,0,0,0,0,0,1,1,1,1,0,0,0,0,1,0,1,1,0,0,0,1,1,1
131,F:\spring-2019\Multimedia Systems\proj2\paris_1\paris\eiffel\paris_eiffel_000295.jpg,1,1,1,0,0,0,0,0,1,1,0,0,0,0,0,0,1,0,0,0,0,0,0,0,1,0,0,0,0,1,0,0,0,0,0,0,1,1,1,0,1,0,0,0,0,1,1,0,1,1,0,0,0,1,1,1,1,1,1,0,0,0,1,1
132,F:\spring-2019\Multimedia Systems\proj2\paris_1\paris\eiffel\paris_eiffel_000298.jpg,0,0,0,0,0,0,0,0,0,0,0,0,0,0,0,0,0,0,0,0,0,1,0,0,0,0,1,1,1,1,1,0,0,0,1,0,0,0,0,0,0,1,1,1,1,1,1,1,1,1,0,1,1,1,1,0,1,0,1,0,1,1,0,0
133,F:\spring-2019\Multimedia Systems\proj2\paris_1\paris\eiffel\paris_eiffel_000299.jpg,1,1,1,1,1,1,1,0,0,1,1,1,1,1,0,0,0,1,1,0,0,1,1,0,0,0,0,0,0,0,0,0,1,1,0,0,1,1,0,0,1,1,0,0,1,1,1,0,0,0,0,0,0,1,0,0,0,0,0,0,0,1,0,0
134,F:\spring-2019\Multimedia Systems\proj2\paris_1\paris\eiffel\paris_eiffel_000300.jpg,0,0,0,0,0,0,0,0,0,1,1,0,0,0,0,0,0,1,1,0,0,1,1,0,0,1,0,0,0,1,0,0,0,0,1,0,0,0,0,1,0,1,1,0,0,1,1,1,1,1,1,0,1,1,1,0,1,1,1,1,1,1,1,0
135,F:\spring-2019\Multimedia Systems\proj2\paris_1\paris\eiffel\paris_eiffel_000302.jpg,0,0,1,1,1,0,0,0,0,0,1,1,1,1,0,0,0,0,1,1,1,1,1,0,0,0,1,1,1,1,1,0,0,0,1,1,1,1,1,0,0,0,1,1,1,0,0,0,0,0,0,0,0,0,0,0,0,0,0,0,0,0,0,0
136,F:\spring-2019\Multimedia Systems\proj2\paris_1\paris\eiffel\paris_eiffel_000303.jpg,1,1,1,1,1,1,1,1,1,1,1,1,1,1,1,1,1,1,1,1,1,1,1,1,1,1,1,1,1,1,1,1,0,0,0,0,0,0,0,0,0,0,0,0,0,0,0,0,0,0,0,0,0,0,0,0,0,0,0,0,0,0,0,0
137,F:\spring-2019\Multimedia Systems\proj2\paris_1\paris\eiffel\paris_eiffel_000306.jpg,0,0,0,0,0,0,0,0,0,0,0,0,0,0,0,0,0,0,0,0,0,0,0,0,0,0,0,0,0,0,0,0,0,0,0,0,0,1,1,1,1,1,1,1,1,1,1,1,1,1,1,1,1,1,1,1,1,1,1,1,1,1,1,1
138,F:\spring-2019\Multimedia Systems\proj2\paris_1\paris\eiffel\paris_eiffel_000307.jpg,0,0,0,0,0,0,0,0,0,0,0,0,0,0,0,0,0,0,0,0,0,0,0,0,0,0,0,0,0,1,1,1,0,0,1,1,0,1,1,1,0,0,1,1,1,1,1,1,1,1,1,1,1,1,1,1,1,1,1,1,1,1,1,1
139,F:\spring-2019\Multimedia Systems\proj2\paris_1\paris\eiffel\paris_eiffel_000309.jpg,0,0,0,0,0,0,0,0,0,0,0,1,1,0,0,0,0,0,0,1,1,0,0,0,0,0,0,1,1,0,0,0,0,0,0,1,1,0,0,0,0,1,1,1,1,1,0,0,0,1,1,1,1,1,1,0,1,1,1,1,1,1,1,0
140,F:\spring-2019\Multimedia Systems\proj2\paris_1\paris\eiffel\paris_eiffel_000313.jpg,0,0,1,1,1,1,1,0,0,0,1,1,1,1,1,0,0,0,1,0,1,0,1,0,0,0,1,1,1,1,1,0,0,0,1,1,1,1,1,1,0,0,1,1,1,1,1,1,0,0,1,0,1,0,1,1,0,0,1,0,1,1,1,1
141,F:\spring-2019\Multimedia Systems\proj2\paris_1\paris\eiffel\paris_eiffel_000314.jpg,1,1,1,1,1,1,1,1,1,1,1,1,1,1,1,1,1,1,1,1,1,1,1,1,0,0,0,0,0,1,0,0,0,0,0,0,0,0,0,0,0,0,0,0,0,0,0,0,0,0,0,0,0,0,0,0,0,0,0,0,0,0,0,0
142,F:\spring-2019\Multimedia Systems\proj2\paris_1\paris\eiffel\paris_eiffel_000318.jpg,0,0,0,1,1,0,0,0,0,0,0,1,1,0,0,0,1,0,0,1,1,0,0,0,1,0,0,1,1,0,0,0,1,0,0,1,1,0,0,0,1,0,1,1,1,1,0,0,0,0,1,1,1,1,0,0,0,1,1,1,0,0,0,1
143,F:\spring-2019\Multimedia Systems\proj2\paris_1\paris\eiffel\paris_eiffel_000324.jpg,0,1,1,1,1,0,1,0,1,1,1,1,1,1,1,1,1,1,1,1,1,1,1,1,1,1,1,1,1,1,1,1,0,0,1,0,0,1,0,0,0,0,0,0,1,1,1,1,0,1,1,1,1,0,0,0,0,0,0,0,0,0,0,0
144,F:\spring-2019\Multimedia Systems\proj2\paris_1\paris\eiffel\paris_eiffel_000327.jpg,1,1,0,0,0,0,0,0,1,1,1,1,1,1,1,1,1,1,1,1,1,1,1,1,1,1,1,1,0,0,0,0,1,1,1,0,0,0,0,0,1,1,0,0,0,0,0,0,1,0,0,1,0,0,1,1,1,0,1,1,0,1,1,1
145,F:\spring-2019\Multimedia Systems\proj2\paris_1\paris\eiffel\paris_eiffel_000328.jpg,1,1,1,1,1,1,1,1,1,1,1,1,1,1,1,1,1,1,1,1,1,1,1,1,1,1,1,1,1,1,1,1,1,1,1,0,0,0,1,1,0,0,0,0,0,1,0,0,0,0,0,0,0,0,0,0,0,0,0,0,0,0,0,0
146,F:\spring-2019\Multimedia Systems\proj2\paris_1\paris\eiffel\paris_eiffel_000331.jpg,0,0,0,0,0,0,0,0,0,0,0,0,0,0,0,0,1,1,1,1,1,1,1,0,1,1,1,1,1,1,1,1,1,1,1,0,0,1,1,1,1,1,1,1,0,1,1,1,0,1,0,0,0,0,0,1,0,1,1,0,0,0,1,1
